SalePrice,Id
133286.30128198158,1461
148207.96954517462,1462
175811.29445466792,1463
184898.6652749465,1464
198578.96320570423,1465
174078.69120441427,1466
166258.14606054526,1467
167770.76965134765,1468
180169.85374114718,1469
133884.42720409777,1470
186370.8853661749,1471
130921.19589041096,1472
131547.54446418324,1473
148699.26457213674,1474
142084.13080713476,1475
230921.1958904109,1476
230775.22377132246,1477
230921.1958904109,1478
229441.12690272226,1479
230921.1958904109,1480
230920.98738295602,1481
206774.85864203,1482
174900.47946146512,1483
175912.55343364787,1484
175129.63620889495,1485
199924.80899596942,1486
230921.1958904109,1487
228965.53626114107,1488
192448.86736960665,1489
205823.1177656329,1490
194256.99151938848,1491
131937.88715823847,1492
172603.70684539454,1493
230921.1958904109,1494
229534.6075102257,1495
217280.16281451148,1496
196721.05651021228,1497
158137.0276935,1498
158371.35494293392,1499
159327.57054263286,1500
174370.70358866645,1501
165533.60724705926,1502
230585.4470062557,1503
220565.93165856414,1504
218193.32804708852,1505
198185.48914522023,1506
222383.66106600914,1507
207035.3206348634,1508
168137.2359005698,1509
147870.41809817438,1510
148156.79633183382,1511
167477.05406854564,1512
155615.3750364344,1513
149530.56499148963,1514
175710.65310682837,1515
162825.99575506322,1516
148052.95750453082,1517
141656.60404105348,1518
213322.27547102715,1519
139814.82535428592,1520
141116.21398339645,1521
163467.89378423922,1522
132936.8395677188,1523
134351.75383291068,1524
132712.29433223506,1525
134059.3703913465,1526
130949.36007064446,1527
142780.2277918532,1528
142896.68359271498,1529
164455.0692379689,1530
133131.7400353632,1531
132028.21665639672,1532
137493.8097684055,1533
131374.48517528197,1534
151886.52382057015,1535
131990.5435318043,1536
131238.51449209114,1537
188745.30699998254,1538
219488.66640313246,1539
132591.58400933284,1540
140917.98456340993,1541
136569.8818043727,1542
203076.6414651173,1543
130921.19589041096,1544
131316.9732329165,1545
135756.88633070793,1546
134479.35363555944,1547
133975.8955532235,1548
132777.50163662678,1549
140004.38327357612,1550
133715.93122105268,1551
136217.15843896865,1552
138156.9349704798,1553
131585.60031461978,1554
172601.40226451738,1555
134439.43914470376,1556
134407.11557382243,1557
131844.61013443294,1558
131560.02106028894,1559
145914.06670293937,1560
142748.66689261896,1561
132563.71928605475,1562
131804.36806363385,1563
160071.43127038525,1564
148632.39646300685,1565
211035.4742688192,1566
130921.19589041096,1567
223067.4037152428,1568
139989.38915224062,1569
138294.70444289566,1570
132466.96710678833,1571
138357.24130102224,1572
208717.8662049717,1573
135680.5484610297,1574
208595.1612513292,1575
215140.38398530317,1576
192395.80665757586,1577
164538.35364567212,1578
139654.44257884048,1579
194852.97314096478,1580
135909.37303683494,1581
135053.34817201886,1582
230921.1958904109,1583
225058.31506181945,1584
141677.3356083562,1585
130921.19589041096,1586
131404.01707028682,1587
144679.0097763386,1588
131113.00143530956,1589
134007.67620221534,1590
130921.19589041096,1591
137060.17551361618,1592
136972.52479276614,1593
136901.5208289753,1594
135557.51769269153,1595
216228.21470112767,1596
172079.46677013673,1597
193786.93749915046,1598
199167.5887049936,1599
196808.45960586608,1600
130921.19589041096,1601
131891.7560141884,1602
130921.19589041096,1603
230921.1958904109,1604
227467.33096696925,1605
158662.0286545263,1606
181176.68225420784,1607
203810.58936454452,1608
184378.3085538181,1609
154705.40750021994,1610
148988.82269812378,1611
162764.8639155889,1612
154918.3841903888,1613
133290.88206229956,1614
130921.19589041096,1615
130921.19589041096,1616
130921.19589041096,1617
132580.43574435613,1618
138068.78943066188,1619
166257.87904294225,1620
141100.08717646042,1621
148196.38567114578,1622
229738.25801190376,1623
208177.9959545457,1624
135489.90349469468,1625
163564.86600598655,1626
185235.52483426168,1627
229171.88132953565,1628
183893.1832304068,1629
230921.1958904109,1630
206293.5656406049,1631
222887.46365263112,1632
168793.22947717327,1633
179561.86733176722,1634
181305.02681794093,1635
160375.530238201,1636
172478.88879385605,1637
213265.36977122663,1638
182960.7331952347,1639
228149.06107976488,1640
189072.4880435954,1641
220637.03658904176,1642
218589.5914502796,1643
218677.7761651488,1644
188232.2873652711,1645
153002.9522917711,1646
161792.20383218056,1647
144180.04726142331,1648
136113.97040605213,1649
131121.19589041095,1650
132135.67163551628,1651
130921.19589041096,1652
130947.90536615161,1653
151801.8532675746,1654
152523.20043939466,1655
149009.09834405914,1656
149019.16857686368,1657
150934.2043303688,1658
141283.34260464253,1659
148015.49353778982,1660
230921.1958904109,1661
230921.1958904109,1662
230921.1958904109,1663
230921.1958904109,1664
230921.1958904109,1665
230921.1958904109,1666
230921.1958904109,1667
230921.1958904109,1668
230885.12124044762,1669
230921.1958904109,1670
225293.8391350171,1671
230921.1958904109,1672
230921.1958904109,1673
230105.012554476,1674
180713.19524191378,1675
184442.6067691652,1676
197844.32079228788,1677
230921.1958904109,1678
230921.1958904109,1679
230921.1958904109,1680
228154.62495674862,1681
230921.1958904109,1682
188173.9432042405,1683
179937.00251074927,1684
174018.70952422073,1685
178228.71716000538,1686
167811.3506106459,1687
191064.02978977142,1688
192806.18430367488,1689
189721.59149742144,1690
175125.2319472132,1691
228258.5637833209,1692
171304.2412123628,1693
183443.3746941902,1694
171546.71223269033,1695
229928.48807734405,1696
171807.81840143958,1697
230921.1958904109,1698
230785.4470062557,1699
226972.59586555877,1700
230216.2752405751,1701
230721.1958904109,1702
230600.869499318,1703
230921.1958904109,1704
218750.71628329426,1705
230921.1958904109,1706
205987.14325605734,1707
200166.82918772145,1708
230921.1958904109,1709
218004.6302893912,1710
227140.74354411886,1711
225472.62033310696,1712
227081.4927135548,1713
219237.221579582,1714
203639.71042115527,1715
172849.05536632525,1716
162893.80386391396,1717
143867.6313717333,1718
210792.63209279452,1719
229085.5269829035,1720
161966.2181109025,1721
136456.5410946175,1722
148580.44718848908,1723
208799.63205630574,1724
228933.05138955745,1725
187664.7520599571,1726
172676.6694116788,1727
189660.13421891967,1728
162308.00453287718,1729
175066.11380602553,1730
133951.2259256772,1731
135082.8125278374,1732
132737.183419109,1733
133720.9123472083,1734
134058.11562799042,1735
131507.606919157,1736
228921.1958904109,1737
211465.85248471872,1738
229066.41501713352,1739
204098.97591521192,1740
183659.39222782565,1741
175491.932297063,1742
174117.0349743755,1743
230374.6875324011,1744
198233.91809131426,1745
217703.3299386649,1746
214576.257056225,1747
213310.10594805048,1748
155504.95057105302,1749
141958.934885655,1750
223549.82093441856,1751
132625.46150845007,1752
145804.24258426807,1753
210307.6358007172,1754
168662.66617505133,1755
131149.36007064444,1756
131471.02901618055,1757
143983.52686260256,1758
160269.55132449314,1759
155265.98020431274,1760
147178.25546379868,1761
166992.86960878398,1762
171820.44174932395,1763
132930.15489698222,1764
176809.514132493,1765
172311.21639290726,1766
204294.72427178264,1767
142707.74368478332,1768
164921.44699193235,1769
139762.87979376328,1770
139587.96331672568,1771
138980.11215936035,1772
138199.32601493233,1773
144268.9551243127,1774
137599.7341293711,1775
137828.1336566562,1776
131639.75393402466,1777
134910.60332873938,1778
136593.93219425954,1779
177606.49243102878,1780
139783.1536241426,1781
131257.7784070172,1782
136948.1742529828,1783
130921.19589041096,1784
134853.65907363116,1785
157510.3668659136,1786
156542.43756488163,1787
130921.19589041096,1788
134117.02249984426,1789
130921.19589041096,1790
196147.87844683626,1791
142768.47395749294,1792
143022.92122723494,1793
142615.75209325465,1794
137713.12134972,1795
140650.41668426257,1796
142597.04225652653,1797
134391.11032320574,1798
131966.4044758935,1799
138711.40608197005,1800
133446.91512583618,1801
154039.92590274184,1802
159808.04968379534,1803
141252.75221372093,1804
136504.31330502467,1805
132183.4463222201,1806
141606.76073808433,1807
134673.55960193026,1808
132856.6093950464,1809
141321.13809194014,1810
131184.08760020538,1811
131304.7187396206,1812
131878.6787147638,1813
130921.19589041096,1814
130921.19589041096,1815
130947.90536615161,1816
133616.47989766928,1817
151674.4362128582,1818
132991.846337078,1819
130954.10809481483,1820
131750.61698140507,1821
144463.28000048365,1822
130921.19589041096,1823
138188.60609542983,1824
138241.15670090425,1825
132326.178788474,1826
131418.65970223115,1827
134689.31522684812,1828
134043.63154236795,1829
141900.48637920874,1830
149254.81557906306,1831
134102.02715916125,1832
139820.69736178778,1833
133618.3068584143,1834
147021.5204003229,1835
137080.77760239926,1836
130921.19589041096,1837
133866.86276672393,1838
130949.36007064446,1839
142233.96220680475,1840
142836.03841392812,1841
131140.89387618782,1842
139465.23550966027,1843
141387.81855432093,1844
141593.48831132427,1845
155236.4918802363,1846
164095.285861897,1847
130921.19589041096,1848
133242.19671658118,1849
133791.67513631354,1850
144447.86589051006,1851
136567.85727872796,1852
137006.27306590177,1853
167021.3547075486,1854
161048.07375071367,1855
216469.7551275175,1856
174070.09214239492,1857
156422.43242113653,1858
139046.98976777153,1859
149762.95516710178,1860
139213.70274705585,1861
227572.46962609922,1862
226612.9170575156,1863
226612.9170575156,1864
230921.1958904109,1865
230785.4470062557,1866
229493.0843492773,1867
230921.1958904109,1868
193803.78137954074,1869
227624.13651409288,1870
230785.97861259442,1871
172998.82827479026,1872
214676.2029770616,1873
136280.41232601358,1874
204242.46477107407,1875
192605.1935932163,1876
211329.99832010176,1877
210903.47394445745,1878
134271.94115343768,1879
137611.41910278215,1880
225035.20825711766,1881
229690.694758436,1882
202977.52694196234,1883
214451.8222458814,1884
230213.8075578049,1885
230721.1958904109,1886
199314.26124308852,1887
230775.43227877739,1888
167818.95682018262,1889
132386.45659364518,1890
139076.7636480334,1891
130921.19589041096,1892
139514.71784892125,1893
133864.83277877225,1894
143120.72842596655,1895
132684.3287677951,1896
133372.68104330054,1897
132358.50131872314,1898
153295.30595557427,1899
147450.4527912941,1900
170334.5629295176,1901
143592.3982758439,1902
212002.5342533744,1903
138814.69370714072,1904
187879.35677777228,1905
160154.04687263304,1906
204646.0240218194,1907
132944.4245516727,1908
141574.44535779,1909
138454.44210344015,1910
196369.5493877214,1911
229960.91995959234,1912
148739.30026939794,1913
130921.19589041096,1914
230921.1958904109,1915
130921.19589041096,1916
228175.7616799419,1917
136078.3061355832,1918
160612.05817484544,1919
151644.28834496244,1920
230921.1958904109,1921
230785.4470062557,1922
204992.49772575608,1923
217398.47015528157,1924
216686.33031090134,1925
230921.1958904109,1926
135791.0344122407,1927
152344.1596108968,1928
132334.64591237906,1929
142787.29710409706,1930
137617.7036669956,1931
141799.50497239374,1932
166085.30792497756,1933
181107.31180043536,1934
172661.19499153818,1935
185016.90241758726,1936
180514.1355410886,1937
165507.3639084958,1938
221758.1445408978,1939
198578.96320570423,1940
173290.96466733507,1941
187224.10514838324,1942
196735.68531262892,1943
230721.1958904109,1944
230921.1958904109,1945
178110.8451606284,1946
230374.6875324011,1947
183062.19429030802,1948
218606.86011500642,1949
177555.68490276297,1950
228690.33312984253,1951
216687.15728332766,1952
161230.97081260913,1953
206513.7089748248,1954
140022.91074239984,1955
228627.07524704683,1956
166282.27321204287,1957
230921.1958904109,1958
140501.010320576,1959
131249.90546857647,1960
133774.49335355757,1961
131076.7928896154,1962
131360.52753885198,1963
131657.9630427211,1964
149085.91430594336,1965
153178.57111116598,1966
230921.1958904109,1967
230921.1958904109,1968
230921.1958904109,1969
230921.1958904109,1970
230921.1958904109,1971
230921.1958904109,1972
228382.2418769493,1973
230921.1958904109,1974
230921.1958904109,1975
230921.1958904109,1976
230921.1958904109,1977
230921.1958904109,1978
230521.1958904109,1979
191203.69636850475,1980
230921.1958904109,1981
212774.85172521704,1982
207843.8772387673,1983
180463.21347239686,1984
208076.2268088198,1985
204586.7842961113,1986
179625.6902495642,1987
175707.4809382175,1988
195396.65854903468,1989
220686.1141325548,1990
197561.58280932874,1991
203807.53035997157,1992
178075.91490907047,1993
225355.2142186304,1994
185412.29725505586,1995
226068.3715883101,1996
230921.1958904109,1997
230921.1958904109,1998
229012.50345654928,1999
230921.1958904109,2000
228647.38428245086,2001
222707.56152977134,2002
226980.8953077877,2003
228124.31775657975,2004
219060.3037252082,2005
216480.80079690905,2006
226895.14887031386,2007
193635.2442238513,2008
185616.08170511408,2009
195746.221378364,2010
145496.12650163437,2011
178402.92976598407,2012
182477.48041053512,2013
186060.0767435866,2014
201582.9569645264,2015
190035.66818641406,2016
204962.7419056313,2017
133510.51053742078,2018
134271.8658119444,2019
131540.14606996105,2020
131631.99740330604,2021
166722.11985460058,2022
144456.52993522552,2023
220814.2029791801,2024
230921.1958904109,2025
186809.47047878522,2026
154789.15773109527,2027
161012.51228065055,2028
173176.1003346705,2029
230909.58323266965,2030
225186.4556444288,2031
228301.6299542402,2032
230801.087924144,2033
164481.88072845736,2034
204775.6155332056,2035
193266.5255364407,2036
197063.9812615553,2037
229791.79579492353,2038
204426.16202989774,2039
229321.1958904109,2040
229434.12085110683,2041
206207.9731031695,2042
176495.30348685718,2043
185747.2479381672,2044
213518.73204732203,2045
147210.18094396702,2046
144706.64150075446,2047
136019.66870316368,2048
139697.6823575133,2049
184552.5215413452,2050
132667.04676660133,2051
141335.19409319432,2052
140784.36009573974,2053
130921.19589041096,2054
160473.8416277603,2055
140079.6731011274,2056
134061.36819701482,2057
214426.75256469945,2058
142921.08228802282,2059
157571.88318035915,2060
171523.21132263922,2061
139350.13067248565,2062
131923.6264821867,2063
140758.54380908347,2064
136080.47220694664,2065
175634.5190930535,2066
140634.1995971586,2067
144690.91807140654,2068
130921.19589041096,2069
131373.16667634837,2070
130921.19589041096,2071
138364.18188304597,2072
141546.3245030237,2073
176340.20042298335,2074
144793.6847072815,2075
135345.91730160476,2076
142599.26386309633,2077
133758.16445791165,2078
148788.06809266505,2079
132986.48168761167,2080
138338.58216312193,2081
136493.73198167866,2082
142590.44720852573,2083
131405.01062201572,2084
135684.81039625852,2085
133447.4324724001,2086
132614.97784810106,2087
131228.8866834682,2088
130921.19589041096,2089
133440.82431232312,2090
131567.34462464158,2091
132601.60663901392,2092
138502.82827192126,2093
134445.01701929953,2094
145666.178705088,2095
130921.19589041096,2096
130921.19589041096,2097
137530.90095036707,2098
130921.19589041096,2099
130995.70768469972,2100
132297.1382409725,2101
136984.71377391106,2102
131193.93963800892,2103
135974.63935117613,2104
134641.65949888786,2105
130921.19589041096,2106
213423.88277352462,2107
131862.2299066484,2108
132525.95841053757,2109
134390.3152702835,2110
147071.48578461775,2111
137500.96487502323,2112
132048.1327414365,2113
131049.80671604592,2114
141968.40108350216,2115
133286.0263447547,2116
135256.51279376267,2117
132179.42344595658,2118
130952.57184366432,2119
132883.73752333294,2120
130921.19589041096,2121
130921.19589041096,2122
130987.92494819286,2123
158412.21904897757,2124
140218.69744600402,2125
147569.74847364216,2126
163323.64875426752,2127
134798.70838806036,2128
131540.90802670017,2129
136846.34880712905,2130
163186.72769039063,2131
132253.0983304914,2132
134617.68393796778,2133
132106.78602287563,2134
131596.97440578314,2135
130921.19589041096,2136
134757.1670589663,2137
139714.98342465053,2138
148168.68326805212,2139
136245.99564631525,2140
140650.2609011846,2141
137448.0258204901,2142
142598.8948363056,2143
141420.35860922106,2144
135021.29013288947,2145
158514.40278893814,2146
168516.70194652275,2147
139523.72412740072,2148
140454.3089343009,2149
210309.07126263736,2150
139830.65074489286,2151
161572.38125598055,2152
151856.81466902222,2153
131660.85744171494,2154
134539.05013638074,2155
221471.10670724433,2156
221933.60844921466,2157
228411.6373587268,2158
219358.14708422875,2159
174624.87861211493,2160
229905.012554476,2161
230921.1958904109,2162
230921.1958904109,2163
226644.62039134465,2164
178525.9986157311,2165
138611.0884907772,2166
208891.7603895895,2167
207762.89569994566,2168
197356.94723821935,2169
219004.37488491813,2170
145932.18648736292,2171
144088.34643061165,2172
160895.13865665224,2173
225581.48638029266,2174
230921.1958904109,2175
230921.1958904109,2176
228910.58521516988,2177
216807.49655028112,2178
141677.3356083562,2179
205687.99942110642,2180
196941.4898360704,2181
216110.72043994788,2182
196892.9118087701,2183
134052.3610058548,2184
139322.30786581978,2185
141363.4361177826,2186
144446.45056954544,2187
150589.17365243842,2188
181085.86252266046,2189
130927.16593473886,2190
130927.16593473886,2191
130921.19589041096,2192
132181.2980673606,2193
131133.83369956908,2194
131221.74128834298,2195
133443.36597998894,2196
131417.88154317337,2197
150051.02469224526,2198
169666.2416055292,2199
146903.68272167965,2200
155974.65695546078,2201
198186.59506209067,2202
166234.43231639196,2203
172209.19467037983,2204
137167.45740622337,2205
141301.48386230314,2206
217488.6028202916,2207
223629.73597529685,2208
195507.53306626668,2209
136078.44072639302,2210
131218.65970223115,2211
131349.43726960107,2212
131190.33788920008,2213
136812.01605079795,2214
131602.7688005285,2215
145982.64691348516,2216
133001.19225876225,2217
130921.19589041096,2218
130921.19589041096,2219
130921.19589041096,2220
230921.1958904109,2221
217635.16901648365,2222
227501.5216124757,2223
210200.0719209608,2224
143515.41590264105,2225
169224.72770427878,2226
199398.23774399495,2227
230775.43227877739,2228
220828.86841050407,2229
154629.91974185812,2230
205351.71456409933,2231
182772.12540774894,2232
177870.2872425855,2233
225087.98362509086,2234
207084.78796311872,2235
229784.25168014606,2236
230921.1958904109,2237
194911.386371611,2238
135231.2364818319,2239
161941.4303856436,2240
141676.94928492839,2241
139830.30127584233,2242
137122.58672503222,2243
130987.29379690508,2244
130921.19589041096,2245
141760.32178694647,2246
131568.53224169952,2247
132387.1330375456,2248
132916.8940426199,2249
139133.94387375002,2250
134589.8165827818,2251
174150.43684521032,2252
158959.62782895542,2253
173088.58299729074,2254
185983.7735345561,2255
189763.9989082761,2256
201768.79067289835,2257
171847.20634848333,2258
173762.99786084954,2259
158309.18448046793,2260
196190.77877762695,2261
211000.64350754797,2262
230921.1958904109,2263
230921.1958904109,2264
171449.41054973332,2265
230774.36595485316,2266
230921.1958904109,2267
230921.1958904109,2268
159421.07368487833,2269
191187.9690905114,2270
220030.47367559822,2271
206346.59290716023,2272
161957.69904379486,2273
173281.51850025525,2274
170435.81066128993,2275
180866.21271397188,2276
193033.62947103468,2277
146006.41259469598,2278
134915.52754902848,2279
130949.36007064446,2280
166856.16625092778,2281
173112.6409538344,2282
131333.92240381305,2283
131532.22099628727,2284
146265.98864617513,2285
132960.7741133749,2286
230921.1958904109,2287
230721.1958904109,2288
230921.1958904109,2289
230921.1958904109,2290
230921.1958904109,2291
230921.1958904109,2292
230921.1958904109,2293
230921.1958904109,2294
230921.1958904109,2295
229721.1958904109,2296
230519.5568600208,2297
230921.1958904109,2298
230921.1958904109,2299
230921.1958904109,2300
228690.71025644016,2301
223957.25199278974,2302
224544.6545004716,2303
228061.6528584511,2304
181509.2440588202,2305
181414.38234091602,2306
179821.9134298697,2307
220599.4479425469,2308
230665.8706463275,2309
208380.09742783298,2310
194712.33821521795,2311
176117.97956838887,2312
176268.7012024172,2313
187016.02944271488,2314
175687.4223820637,2315
189626.27117196226,2316
174606.8598170468,2317
174772.79963760718,2318
180589.5116875539,2319
179614.0561746499,2320
225626.96779277732,2321
179247.2718544083,2322
171611.04515083288,2323
170912.92069644248,2324
206934.6264722747,2325
168855.53412458018,2326
218661.70267039567,2327
224314.1638133061,2328
181913.0558680954,2329
175009.41001151994,2330
230921.1958904109,2331
230921.1958904109,2332
230921.1958904109,2333
229444.38416619576,2334
228494.8685327083,2335
230721.1958904109,2336
194348.83093533735,2337
230921.1958904109,2338
222283.58219017804,2339
230921.1958904109,2340
212344.16476837933,2341
221646.3411653153,2342
219257.4665081868,2343
221196.06112193095,2344
226641.4190144527,2345
215604.23227786363,2346
193252.42837596493,2347
218593.06539110682,2348
161062.19771290358,2349
226940.70285294077,2350
226350.7769601784,2351
226695.14887031386,2352
215579.469795556,2353
140168.74403258518,2354
148976.7116051375,2355
148097.38415309179,2356
203578.63544243612,2357
200446.7492027665,2358
143926.36405822803,2359
132010.01749452276,2360
139101.5398961622,2361
229010.1779112164,2362
143439.683197015,2363
155316.39384698388,2364
210096.76523973086,2365
198774.45524874725,2366
217148.30324629397,2367
198124.7457163084,2368
219006.6937009129,2369
173164.8829284118,2370
173582.66658481274,2371
179130.93577091317,2372
227721.2684432472,2373
230921.1958904109,2374
221890.17584204065,2375
226143.68372557426,2376
230521.1958904109,2377
148349.34699970108,2378
199416.02912903947,2379
145011.0780013641,2380
160878.7327581796,2381
195719.00269641122,2382
209929.8278710245,2383
225287.29094615558,2384
151952.67879349724,2385
139923.4402792188,2386
138647.52802693262,2387
131756.39710610578,2388
138439.28163962063,2389
148648.0979335616,2390
138398.54656483902,2391
131371.6038530856,2392
160121.11167060517,2393
146745.28777083513,2394
198354.52689702227,2395
144193.99875741368,2396
202242.07541471074,2397
136047.5041456826,2398
130921.19589041096,2399
130921.19589041096,2400
131633.1716709419,2401
140040.76090921936,2402
138462.91868331432,2403
146086.84339984533,2404
155496.18303919528,2405
138583.01082785975,2406
133512.5894631342,2407
143843.97873221448,2408
140339.05054253177,2409
165517.87181854097,2410
132149.50737771994,2411
148890.4706680931,2412
140134.6113459747,2413
137597.23822738597,2414
139376.80543104152,2415
138977.64189384715,2416
135593.78985699036,2417
131976.7203842951,2418
137073.82844658202,2419
133155.89851851735,2420
146295.4894611566,2421
133251.95126981052,2422
133138.95165197342,2423
146112.0097541744,2424
175023.56343175846,2425
132715.87815583436,2426
138101.32819584524,2427
164726.4537603507,2428
132202.92180441087,2429
133124.88274305133,2430
136845.75130943966,2431
136379.94448093587,2432
143268.66407444302,2433
140893.57360453915,2434
145229.09961792946,2435
132037.88714598716,2436
131793.01273820153,2437
133416.65729586367,2438
132639.6991407269,2439
135563.6217085115,2440
132319.57514009712,2441
130985.48404806815,2442
133328.86240897473,2443
134988.71181838046,2444
130921.19589041096,2445
134527.54473753902,2446
216137.10362333554,2447
136510.38818738275,2448
131712.6788924243,2449
144003.60279414064,2450
136030.85602601527,2451
195181.15897652492,2452
131221.74128834298,2453
134277.10467688675,2454
132428.34881937096,2455
134769.20951884726,2456
131346.73519948235,2457
132588.01914415148,2458
130952.57184366432,2459
135937.07524775885,2460
131419.7043390426,2461
135082.1917440688,2462
133141.87653231175,2463
171083.00800358233,2464
139540.82521946108,2465
132780.51363236035,2466
149238.73772623207,2467
130923.14222600935,2468
130954.51817926274,2469
167956.63959087039,2470
177798.82772575945,2471
174670.05287347804,2472
132126.85504956538,2473
131008.7048220461,2474
211705.74224825876,2475
132904.79973151966,2476
133465.2088050089,2477
154924.2173372216,2478
131632.90897938565,2479
137717.7200556637,2480
134616.96391495294,2481
135614.85872334172,2482
132236.08664586628,2483
133582.0436519553,2484
131712.5511841113,2485
145963.5503992915,2486
174596.82479183064,2487
148414.36661776569,2488
151869.84510481966,2489
141963.65417059936,2490
130921.19589041096,2491
184163.4949369952,2492
147717.65844666914,2493
158705.8396319266,2494
130985.97861259444,2495
216641.70945856426,2496
140430.8319945675,2497
131885.88328119568,2498
131985.45125482898,2499
134910.2744835142,2500
135433.60228305546,2501
143307.68971239944,2502
130921.19589041096,2503
194585.93270535066,2504
219990.41459009348,2505
229904.4809481373,2506
230920.98738295602,2507
230785.4470062557,2508
217894.78599357326,2509
223819.5662548088,2510
185233.42071453552,2511
210011.89623975946,2512
217166.66497599386,2513
211399.04829819832,2514
141696.23569776936,2515
165404.5597579322,2516
135082.01478255494,2517
144433.57271816954,2518
219673.5571821158,2519
207036.50340808227,2520
195803.13055901235,2521
216468.14212346813,2522
137163.40388613273,2523
138751.70779796768,2524
139817.10945804405,2525
138682.4091981785,2526
133018.2919123848,2527
138079.42286104427,2528
137131.067041065,2529
132613.61543506247,2530
224026.4197343662,2531
221516.17689016112,2532
202761.7558367024,2533
219558.83806496425,2534
230921.1958904109,2535
224685.8791298332,2536
216969.27371514047,2537
190422.5181333545,2538
184254.04290722136,2539
173639.8036132623,2540
188405.94550545997,2541
161805.84333990215,2542
134536.98683232474,2543
134188.53143941087,2544
139470.6601514143,2545
144011.5211382376,2546
139755.81392758098,2547
152230.51058912158,2548
146467.87487382613,2549
230921.1958904109,2550
139364.74696040587,2551
132461.26692712438,2552
130921.19589041096,2553
132529.6193778523,2554
134228.06463159257,2555
131286.2683807333,2556
131121.19589041095,2557
157219.57948582785,2558
149492.2117539418,2559
148505.16881398947,2560
143937.70022712793,2561
152816.22416075034,2562
156514.66443713495,2563
175305.54547207165,2564
142642.22132412496,2565
152170.32331945706,2566
140108.89331701002,2567
199131.05850451678,2568
199291.87905725767,2569
136078.44072639302,2570
164001.63018132382,2571
187853.47778056745,2572
212204.18703550266,2573
228447.26810665827,2574
137775.09510474437,2575
134162.83506173867,2576
148361.60023225448,2577
130921.19589041096,2578
130921.19589041096,2579
135774.1790689936,2580
134710.67228733792,2581
132077.80769616074,2582
229825.4202155462,2583
159891.6270660933,2584
177463.8906943335,2585
200156.14656897853,2586
196517.78837414747,2587
145147.5757874144,2588
143713.7589607471,2589
209782.90989939292,2590
207879.48986266606,2591
211138.85169033305,2592
225563.98751790798,2593
173798.9660982379,2594
206569.7374561468,2595
230921.1958904109,2596
189459.62023423708,2597
230406.03432260733,2598
230921.1958904109,2599
150072.97018337672,2600
143154.12233748153,2601
130921.19589041096,2602
130921.19589041096,2603
130921.19589041096,2604
130987.29379690508,2605
145265.43785120832,2606
178579.98898540426,2607
191431.42505075294,2608
162469.38656687707,2609
131688.52608660216,2610
153468.340764246,2611
148083.12682240538,2612
133785.57980004378,2613
133840.55620049214,2614
154015.8556416074,2615
136611.63262641965,2616
163114.5193780278,2617
187055.98098178962,2618
201156.5720091865,2619
183795.68371294605,2620
176170.40052496255,2621
182824.4292383744,2622
223754.34051780304,2623
227168.68525845482,2624
229334.34101774852,2625
163926.96137113764,2626
188612.5676100654,2627
230921.1958904109,2628
230921.1958904109,2629
230921.1958904109,2630
230921.1958904109,2631
230921.1958904109,2632
230921.1958904109,2633
230921.1958904109,2634
151126.77537067962,2635
193971.18116782466,2636
166720.3167773074,2637
228335.98190791273,2638
193762.54222784235,2639
150635.58086648493,2640
130949.36007064446,2641
180129.33620002304,2642
132138.66852419218,2643
138805.56606704646,2644
131171.7688831898,2645
130921.19589041096,2646
131333.92240381305,2647
145711.25314082432,2648
144245.40655154627,2649
144643.70523554337,2650
149842.16138313914,2651
230921.1958904109,2652
230323.4352974109,2653
219205.9138117639,2654
230921.1958904109,2655
230921.1958904109,2656
230921.1958904109,2657
230383.4947207109,2658
230521.1958904109,2659
230921.1958904109,2660
230921.1958904109,2661
230921.1958904109,2662
230714.37727830838,2663
230465.8706463275,2664
230921.1958904109,2665
230008.4242901767,2666
171760.32164612346,2667
187168.6366466877,2668
170070.86692915778,2669
230012.94468120317,2670
186464.9941041285,2671
186029.9263801383,2672
204353.56368604497,2673
195430.93137560968,2674
172158.4846985756,2675
191639.52376211688,2676
195834.27610521566,2677
227504.286657031,2678
230197.1727125293,2679
230600.869499318,2680
230921.1958904109,2681
230921.1958904109,2682
230921.1958904109,2683
230921.1958904109,2684
230921.1958904109,2685
229988.39168121692,2686
230921.1958904109,2687
222726.5250960379,2688
214576.5289137916,2689
230921.1958904109,2690
188226.20620202896,2691
141720.02075771618,2692
194103.9606793746,2693
142355.37085475106,2694
194132.18456283747,2695
189344.25055645197,2696
192772.92080482672,2697
197115.0919643136,2698
185719.6407656742,2699
169921.47828311642,2700
162687.9186790943,2701
134213.82191179233,2702
142434.82294605454,2703
141648.59101353982,2704
132810.47728141886,2705
131399.95669835893,2706
134630.76674970167,2707
134588.33452173602,2708
131321.7818645981,2709
131964.08486750902,2710
227936.04124286879,2711
230921.1958904109,2712
176280.84411117426,2713
157914.0242067609,2714
173719.71734447047,2715
162815.94682190687,2716
184262.4685514413,2717
221652.16794029577,2718
155438.31288608664,2719
167620.7294998382,2720
143355.32416657268,2721
153403.91287382224,2722
147759.0638309046,2723
134230.57614734367,2724
138151.1634704904,2725
139749.3095853659,2726
167079.07384175662,2727
164278.96837391224,2728
149398.89329541315,2729
139521.103197109,2730
133383.539323781,2731
133468.86206155206,2732
151827.04566767288,2733
147234.47251634122,2734
140694.06319501554,2735
141700.68403535706,2736
132749.95708908155,2737
139420.50554603743,2738
160701.66463837546,2739
141045.3585135042,2740
146071.55918142086,2741
152472.12947772018,2742
146865.50073988392,2743
145883.8236544336,2744
141455.98655198794,2745
135858.328280345,2746
157498.9446875253,2747
139269.97217560525,2748
134389.51986704938,2749
138427.3983964821,2750
134675.9412607994,2751
204504.15866603085,2752
150168.27502434514,2753
185389.050944188,2754
144885.3636753899,2755
131121.19589041095,2756
130921.19589041096,2757
130985.97861259444,2758
154133.56179631062,2759
137246.22645795622,2760
143041.65718215698,2761
145184.4364512066,2762
181286.22015505267,2763
171518.36284499778,2764
221518.21987241047,2765
139482.1882619833,2766
130921.19589041096,2767
134974.043423228,2768
140243.24574180573,2769
142798.99825967525,2770
131691.40873756848,2771
132775.4353552954,2772
141676.8770511171,2773
137974.69921495972,2774
136816.72248072547,2775
137893.29723569893,2776
143712.23301768213,2777
132900.72051185332,2778
131674.04193210194,2779
132679.43572313726,2780
130952.57184366432,2781
130921.19589041096,2782
131008.7048220461,2783
133556.42360346936,2784
136535.26750315534,2785
130921.19589041096,2786
131678.10752665778,2787
130921.19589041096,2788
189717.68995379558,2789
130968.09555118578,2790
132293.16979277538,2791
130921.19589041096,2792
159181.3428821778,2793
130983.27489168539,2794
131573.31929888902,2795
131183.91138758493,2796
189192.3509300005,2797
131792.69394378288,2798
132204.66858549573,2799
130921.19589041096,2800
131370.66618943954,2801
140043.29581544382,2802
163993.57133768432,2803
148549.86052789382,2804
131345.61773454348,2805
131262.80689701115,2806
142717.51483997807,2807
147295.1257341602,2808
133786.00871740852,2809
137485.445968395,2810
148156.22979573524,2811
141762.964352031,2812
152888.53102760867,2813
158085.41853335177,2814
132217.5330750446,2815
218601.2908798472,2816
141259.65831452043,2817
135493.9249590859,2818
170768.14861525793,2819
137364.66341183402,2820
132262.80951146712,2821
186710.37014272032,2822
219947.64039572194,2823
167150.61393803437,2824
147730.85878505386,2825
134842.13386051438,2826
136367.52683158588,2827
216413.13724611953,2828
185145.82463837566,2829
218352.01929962472,2830
187763.49464368122,2831
222006.68830643952,2832
230921.1958904109,2833
215155.55364770567,2834
216185.46904325622,2835
194416.90343806203,2836
166772.59682685544,2837
147705.25911738517,2838
179149.69357219423,2839
199800.49848768162,2840
206825.36551921009,2841
215663.86653574856,2842
151659.00131725075,2843
156781.57648642163,2844
131626.626015385,2845
212179.7470273263,2846
199380.37465176405,2847
212529.724996418,2848
212730.38588060546,2849
230799.94397045078,2850
227324.0635696559,2851
217921.87053075503,2852
225421.4577736089,2853
141677.3356083562,2854
196045.997905496,2855
205640.0843555846,2856
193908.10109349442,2857
190562.3181206704,2858
135938.41562013404,2859
132095.72366069467,2860
138470.1528296533,2861
183448.4084314237,2862
133596.8336358096,2863
226531.8892869539,2864
139164.74696040587,2865
145901.3339670542,2866
130985.97861259444,2867
136769.89600582814,2868
132133.07323118142,2869
143296.7051433135,2870
130968.32219514727,2871
130921.19589041096,2872
131411.7525759865,2873
138421.1350180026,2874
132925.72926072672,2875
145793.37513468362,2876
137947.94505577072,2877
165817.00568835987,2878
137902.9404535028,2879
131809.73631990413,2880
160248.48370041823,2881
159927.3841644215,2882
175064.15218907106,2883
173088.02348189225,2884
185826.99893334726,2885
195108.43597630074,2886
131195.58935506144,2887
137419.6364088878,2888
130921.19589041096,2889
130921.19589041096,2890
135199.13246769956,2891
130921.19589041096,2892
131485.34071704838,2893
130921.19589041096,2894
230921.1958904109,2895
230921.1958904109,2896
204351.38279522848,2897
163326.3480534626,2898
219537.83016478602,2899
153620.32608005925,2900
198097.03918680025,2901
184002.6574573249,2902
230921.1958904109,2903
230521.1958904109,2904
138482.31735846668,2905
196905.46869860048,2906
133430.754145247,2907
133941.61287982765,2908
142849.6070511615,2909
130921.19589041096,2910
130921.19589041096,2911
146547.58979166904,2912
130921.19589041096,2913
130921.19589041096,2914
130921.19589041096,2915
130921.19589041096,2916
157018.79227782914,2917
131977.0737570058,2918
212122.75896222665,2919
