,SalePrice_predicted
0,133286.30128198158
1,148207.96954517462
2,175811.29445466792
3,184898.66527494654
4,198578.9632057042
5,174078.69120441424
6,166258.14606054526
7,167770.76965134763
8,180169.85374114718
9,133884.42720409774
10,186370.88536617486
11,130921.19589041095
12,131547.54446418324
13,148699.26457213677
14,142084.13080713476
15,230921.19589041095
16,230775.22377132243
17,230921.19589041095
18,229441.12690272223
19,230921.19589041095
20,230920.98738295597
21,206774.85864203
22,174900.47946146512
23,175912.55343364787
24,175129.63620889495
25,199924.8089959694
26,230921.19589041095
27,228965.53626114104
28,192448.86736960663
29,205823.11776563292
30,194256.99151938848
31,131937.88715823847
32,172603.70684539454
33,230921.19589041095
34,229534.60751022573
35,217280.1628145115
36,196721.05651021222
37,158137.0276935
38,158371.35494293392
39,159327.57054263283
40,174370.70358866645
41,165533.60724705926
42,230585.44700625568
43,220565.93165856414
44,218193.3280470885
45,198185.48914522023
46,222383.66106600914
47,207035.3206348634
48,168137.2359005698
49,147870.41809817438
50,148156.7963318338
51,167477.05406854564
52,155615.3750364344
53,149530.56499148963
54,175710.65310682834
55,162825.99575506322
56,148052.95750453082
57,141656.60404105348
58,213322.27547102715
59,139814.82535428592
60,141116.21398339645
61,163467.89378423922
62,132936.8395677188
63,134351.75383291068
64,132712.29433223503
65,134059.3703913465
66,130949.36007064444
67,142780.2277918532
68,142896.68359271498
69,164455.0692379689
70,133131.7400353632
71,132028.21665639672
72,137493.8097684055
73,131374.48517528194
74,151886.52382057015
75,131990.5435318043
76,131238.51449209114
77,188745.30699998257
78,219488.66640313243
79,132591.58400933284
80,140917.98456340996
81,136569.8818043727
82,203076.6414651173
83,130921.19589041095
84,131316.9732329165
85,135756.88633070793
86,134479.35363555944
87,133975.8955532235
88,132777.50163662678
89,140004.38327357612
90,133715.93122105268
91,136217.15843896862
92,138156.9349704798
93,131585.60031461978
94,172601.40226451738
95,134439.43914470376
96,134407.11557382246
97,131844.61013443297
98,131560.02106028894
99,145914.06670293937
100,142748.66689261896
101,132563.71928605475
102,131804.36806363388
103,160071.43127038522
104,148632.39646300685
105,211035.47426881918
106,130921.19589041095
107,223067.4037152428
108,139989.38915224062
109,138294.70444289566
110,132466.96710678833
111,138357.24130102224
112,208717.8662049717
113,135680.5484610297
114,208595.1612513292
115,215140.38398530314
116,192395.80665757583
117,164538.35364567212
118,139654.44257884048
119,194852.97314096475
120,135909.37303683494
121,135053.34817201886
122,230921.19589041095
123,225058.31506181942
124,141677.3356083562
125,130921.19589041095
126,131404.01707028682
127,144679.0097763386
128,131113.00143530956
129,134007.67620221537
130,130921.19589041095
131,137060.1755136162
132,136972.52479276614
133,136901.5208289753
134,135557.51769269153
135,216228.21470112764
136,172079.46677013673
137,193786.93749915052
138,199167.58870499357
139,196808.45960586608
140,130921.19589041095
141,131891.7560141884
142,130921.19589041095
143,230921.19589041095
144,227467.33096696925
145,158662.0286545263
146,181176.68225420782
147,203810.58936454458
148,184378.30855381806
149,154705.40750021994
150,148988.82269812378
151,162764.8639155889
152,154918.3841903888
153,133290.88206229956
154,130921.19589041095
155,130921.19589041095
156,130921.19589041095
157,132580.43574435613
158,138068.7894306619
159,166257.87904294228
160,141100.08717646042
161,148196.38567114578
162,229738.25801190376
163,208177.9959545457
164,135489.90349469468
165,163564.86600598655
166,185235.52483426168
167,229171.88132953565
168,183893.1832304068
169,230921.19589041095
170,206293.56564060494
171,222887.46365263112
172,168793.22947717327
173,179561.86733176722
174,181305.02681794093
175,160375.530238201
176,172478.88879385605
177,213265.36977122663
178,182960.7331952347
179,228149.06107976488
180,189072.4880435954
181,220637.03658904176
182,218589.5914502796
183,218677.7761651488
184,188232.2873652711
185,153002.9522917711
186,161792.20383218056
187,144180.04726142331
188,136113.97040605213
189,131121.19589041095
190,132135.67163551628
191,130921.19589041095
192,130947.9053661516
193,151801.8532675746
194,152523.20043939466
195,149009.09834405914
196,149019.16857686368
197,150934.2043303688
198,141283.34260464253
199,148015.49353778982
200,230921.19589041095
201,230921.19589041095
202,230921.19589041095
203,230921.19589041095
204,230921.19589041095
205,230921.19589041095
206,230921.19589041095
207,230921.19589041095
208,230885.12124044757
209,230921.19589041095
210,225293.83913501707
211,230921.19589041095
212,230921.19589041095
213,230105.012554476
214,180713.1952419138
215,184442.6067691652
216,197844.3207922879
217,230921.19589041095
218,230921.19589041095
219,230921.19589041095
220,228154.62495674862
221,230921.19589041095
222,188173.94320424055
223,179937.00251074927
224,174018.70952422076
225,178228.7171600054
226,167811.3506106459
227,191064.0297897714
228,192806.18430367488
229,189721.59149742144
230,175125.2319472132
231,228258.56378332092
232,171304.2412123628
233,183443.3746941902
234,171546.71223269033
235,229928.48807734405
236,171807.81840143958
237,230921.19589041095
238,230785.44700625568
239,226972.5958655588
240,230216.2752405751
241,230721.19589041095
242,230600.869499318
243,230921.19589041095
244,218750.71628329426
245,230921.19589041095
246,205987.14325605734
247,200166.82918772145
248,230921.19589041095
249,218004.63028939118
250,227140.74354411883
251,225472.62033310696
252,227081.49271355476
253,219237.22157958196
254,203639.71042115532
255,172849.05536632525
256,162893.80386391396
257,143867.6313717333
258,210792.63209279458
259,229085.52698290348
260,161966.2181109025
261,136456.5410946175
262,148580.44718848908
263,208799.63205630574
264,228933.05138955745
265,187664.7520599571
266,172676.6694116788
267,189660.1342189197
268,162308.00453287718
269,175066.11380602556
270,133951.2259256772
271,135082.8125278374
272,132737.183419109
273,133720.9123472083
274,134058.11562799042
275,131507.606919157
276,228921.19589041095
277,211465.8524847187
278,229066.4150171335
279,204098.9759152119
280,183659.39222782565
281,175491.932297063
282,174117.0349743755
283,230374.68753240112
284,198233.91809131423
285,217703.3299386649
286,214576.257056225
287,213310.10594805045
288,155504.95057105302
289,141958.934885655
290,223549.82093441856
291,132625.46150845007
292,145804.24258426807
293,210307.6358007172
294,168662.66617505133
295,131149.36007064444
296,131471.02901618055
297,143983.52686260256
298,160269.55132449314
299,155265.98020431274
300,147178.25546379868
301,166992.86960878398
302,171820.44174932397
303,132930.1548969822
304,176809.514132493
305,172311.21639290723
306,204294.72427178262
307,142707.74368478332
308,164921.44699193235
309,139762.87979376328
310,139587.96331672568
311,138980.11215936032
312,138199.32601493236
313,144268.9551243127
314,137599.7341293711
315,137828.1336566562
316,131639.75393402463
317,134910.60332873938
318,136593.93219425954
319,177606.4924310288
320,139783.1536241426
321,131257.7784070172
322,136948.1742529828
323,130921.19589041095
324,134853.65907363116
325,157510.3668659136
326,156542.43756488166
327,130921.19589041095
328,134117.02249984426
329,130921.19589041095
330,196147.87844683626
331,142768.47395749297
332,143022.92122723497
333,142615.75209325465
334,137713.12134972
335,140650.41668426257
336,142597.04225652656
337,134391.11032320576
338,131966.4044758935
339,138711.40608197005
340,133446.9151258362
341,154039.92590274184
342,159808.04968379537
343,141252.75221372093
344,136504.31330502467
345,132183.4463222201
346,141606.76073808433
347,134673.55960193026
348,132856.6093950464
349,141321.13809194014
350,131184.0876002054
351,131304.7187396206
352,131878.6787147638
353,130921.19589041095
354,130921.19589041095
355,130947.9053661516
356,133616.47989766928
357,151674.43621285819
358,132991.846337078
359,130954.10809481482
360,131750.61698140507
361,144463.28000048365
362,130921.19589041095
363,138188.60609542983
364,138241.15670090425
365,132326.178788474
366,131418.65970223115
367,134689.31522684812
368,134043.63154236795
369,141900.48637920877
370,149254.81557906306
371,134102.02715916125
372,139820.6973617878
373,133618.3068584143
374,147021.5204003229
375,137080.77760239926
376,130921.19589041095
377,133866.86276672396
378,130949.36007064444
379,142233.96220680475
380,142836.03841392812
381,131140.89387618782
382,139465.23550966027
383,141387.81855432093
384,141593.48831132424
385,155236.4918802363
386,164095.285861897
387,130921.19589041095
388,133242.1967165812
389,133791.67513631357
390,144447.86589051006
391,136567.85727872798
392,137006.27306590174
393,167021.3547075486
394,161048.07375071364
395,216469.7551275175
396,174070.09214239492
397,156422.43242113653
398,139046.98976777153
399,149762.95516710178
400,139213.70274705585
401,227572.46962609922
402,226612.91705751556
403,226612.91705751556
404,230921.19589041095
405,230785.44700625568
406,229493.08434927734
407,230921.19589041095
408,193803.78137954074
409,227624.13651409294
410,230785.97861259442
411,172998.82827479023
412,214676.20297706156
413,136280.4123260136
414,204242.46477107407
415,192605.19359321627
416,211329.99832010176
417,210903.47394445748
418,134271.9411534377
419,137611.41910278215
420,225035.20825711763
421,229690.694758436
422,202977.52694196234
423,214451.8222458814
424,230213.80755780492
425,230721.19589041095
426,199314.26124308855
427,230775.4322787774
428,167818.95682018262
429,132386.4565936452
430,139076.7636480334
431,130921.19589041095
432,139514.71784892125
433,133864.83277877228
434,143120.72842596655
435,132684.3287677951
436,133372.68104330057
437,132358.50131872314
438,153295.30595557424
439,147450.4527912941
440,170334.5629295176
441,143592.3982758439
442,212002.53425337438
443,138814.6937071407
444,187879.35677777225
445,160154.04687263304
446,204646.0240218194
447,132944.4245516727
448,141574.44535779
449,138454.44210344015
450,196369.5493877214
451,229960.91995959234
452,148739.30026939794
453,130921.19589041095
454,230921.19589041095
455,130921.19589041095
456,228175.76167994188
457,136078.3061355832
458,160612.05817484544
459,151644.28834496246
460,230921.19589041095
461,230785.44700625568
462,204992.4977257561
463,217398.47015528154
464,216686.33031090134
465,230921.19589041095
466,135791.03441224067
467,152344.1596108968
468,132334.64591237903
469,142787.29710409703
470,137617.7036669956
471,141799.50497239374
472,166085.30792497756
473,181107.31180043536
474,172661.19499153818
475,185016.90241758726
476,180514.1355410886
477,165507.3639084958
478,221758.1445408978
479,198578.9632057042
480,173290.96466733504
481,187224.10514838324
482,196735.6853126289
483,230721.19589041095
484,230921.19589041095
485,178110.8451606284
486,230374.68753240112
487,183062.194290308
488,218606.86011500642
489,177555.68490276297
490,228690.33312984256
491,216687.15728332766
492,161230.97081260913
493,206513.7089748248
494,140022.91074239986
495,228627.07524704683
496,166282.27321204287
497,230921.19589041095
498,140501.010320576
499,131249.90546857647
500,133774.49335355757
501,131076.7928896154
502,131360.52753885198
503,131657.9630427211
504,149085.91430594336
505,153178.57111116598
506,230921.19589041095
507,230921.19589041095
508,230921.19589041095
509,230921.19589041095
510,230921.19589041095
511,230921.19589041095
512,228382.2418769493
513,230921.19589041095
514,230921.19589041095
515,230921.19589041095
516,230921.19589041095
517,230921.19589041095
518,230521.19589041095
519,191203.69636850475
520,230921.19589041095
521,212774.85172521704
522,207843.8772387673
523,180463.21347239692
524,208076.2268088198
525,204586.7842961113
526,179625.6902495642
527,175707.4809382175
528,195396.65854903468
529,220686.11413255482
530,197561.58280932874
531,203807.53035997154
532,178075.91490907047
533,225355.21421863037
534,185412.29725505586
535,226068.3715883101
536,230921.19589041095
537,230921.19589041095
538,229012.5034565493
539,230921.19589041095
540,228647.38428245083
541,222707.56152977134
542,226980.89530778766
543,228124.31775657978
544,219060.3037252082
545,216480.80079690908
546,226895.14887031386
547,193635.24422385127
548,185616.08170511405
549,195746.221378364
550,145496.12650163434
551,178402.92976598404
552,182477.48041053512
553,186060.0767435866
554,201582.9569645264
555,190035.66818641403
556,204962.74190563132
557,133510.51053742078
558,134271.8658119444
559,131540.14606996105
560,131631.99740330604
561,166722.11985460058
562,144456.52993522552
563,220814.20297918006
564,230921.19589041095
565,186809.47047878525
566,154789.15773109527
567,161012.51228065058
568,173176.1003346705
569,230909.58323266965
570,225186.45564442882
571,228301.6299542402
572,230801.087924144
573,164481.88072845736
574,204775.6155332056
575,193266.5255364407
576,197063.98126155534
577,229791.7957949235
578,204426.16202989777
579,229321.19589041095
580,229434.12085110685
581,206207.9731031695
582,176495.30348685718
583,185747.24793816716
584,213518.73204732203
585,147210.18094396702
586,144706.64150075443
587,136019.6687031637
588,139697.6823575133
589,184552.52154134517
590,132667.04676660133
591,141335.19409319432
592,140784.36009573974
593,130921.19589041095
594,160473.8416277603
595,140079.6731011274
596,134061.3681970148
597,214426.75256469942
598,142921.08228802282
599,157571.88318035915
600,171523.21132263922
601,139350.13067248563
602,131923.6264821867
603,140758.54380908347
604,136080.47220694664
605,175634.51909305353
606,140634.1995971586
607,144690.91807140654
608,130921.19589041095
609,131373.16667634837
610,130921.19589041095
611,138364.18188304594
612,141546.3245030237
613,176340.20042298338
614,144793.6847072815
615,135345.91730160476
616,142599.26386309633
617,133758.16445791163
618,148788.06809266505
619,132986.48168761167
620,138338.58216312193
621,136493.73198167863
622,142590.44720852573
623,131405.01062201572
624,135684.81039625852
625,133447.43247240013
626,132614.97784810106
627,131228.8866834682
628,130921.19589041095
629,133440.82431232312
630,131567.34462464158
631,132601.60663901392
632,138502.82827192123
633,134445.01701929953
634,145666.178705088
635,130921.19589041095
636,130921.19589041095
637,137530.90095036707
638,130921.19589041095
639,130995.70768469971
640,132297.1382409725
641,136984.71377391106
642,131193.9396380089
643,135974.63935117613
644,134641.65949888784
645,130921.19589041095
646,213423.8827735246
647,131862.2299066484
648,132525.95841053754
649,134390.3152702835
650,147071.48578461772
651,137500.96487502323
652,132048.1327414365
653,131049.80671604592
654,141968.40108350216
655,133286.0263447547
656,135256.51279376264
657,132179.42344595658
658,130952.57184366431
659,132883.73752333297
660,130921.19589041095
661,130921.19589041095
662,130987.92494819284
663,158412.21904897757
664,140218.69744600402
665,147569.74847364216
666,163323.64875426752
667,134798.70838806036
668,131540.90802670014
669,136846.34880712905
670,163186.72769039063
671,132253.0983304914
672,134617.6839379678
673,132106.78602287566
674,131596.97440578314
675,130921.19589041095
676,134757.1670589663
677,139714.98342465056
678,148168.6832680521
679,136245.99564631525
680,140650.2609011846
681,137448.0258204901
682,142598.8948363056
683,141420.35860922106
684,135021.29013288947
685,158514.40278893814
686,168516.70194652275
687,139523.72412740072
688,140454.30893430093
689,210309.07126263736
690,139830.65074489283
691,161572.38125598058
692,151856.8146690222
693,131660.85744171494
694,134539.05013638077
695,221471.10670724435
696,221933.60844921463
697,228411.63735872682
698,219358.14708422875
699,174624.87861211496
700,229905.012554476
701,230921.19589041095
702,230921.19589041095
703,226644.62039134465
704,178525.99861573108
705,138611.0884907772
706,208891.76038958947
707,207762.89569994572
708,197356.94723821938
709,219004.37488491813
710,145932.18648736292
711,144088.34643061165
712,160895.13865665224
713,225581.48638029263
714,230921.19589041095
715,230921.19589041095
716,228910.5852151699
717,216807.49655028115
718,141677.3356083562
719,205687.9994211064
720,196941.4898360704
721,216110.72043994788
722,196892.91180877006
723,134052.3610058548
724,139322.30786581978
725,141363.4361177826
726,144446.45056954544
727,150589.17365243842
728,181085.86252266046
729,130927.16593473888
730,130927.16593473888
731,130921.19589041095
732,132181.2980673606
733,131133.83369956908
734,131221.74128834298
735,133443.36597998894
736,131417.88154317334
737,150051.02469224524
738,169666.2416055292
739,146903.68272167965
740,155974.65695546078
741,198186.59506209064
742,166234.43231639196
743,172209.19467037983
744,137167.45740622337
745,141301.48386230314
746,217488.60282029156
747,223629.73597529685
748,195507.53306626668
749,136078.440726393
750,131218.65970223115
751,131349.43726960104
752,131190.33788920008
753,136812.01605079797
754,131602.7688005285
755,145982.64691348516
756,133001.19225876228
757,130921.19589041095
758,130921.19589041095
759,130921.19589041095
760,230921.19589041095
761,217635.16901648365
762,227501.52161247568
763,210200.0719209608
764,143515.41590264105
765,169224.72770427878
766,199398.23774399498
767,230775.4322787774
768,220828.86841050404
769,154629.91974185812
770,205351.71456409935
771,182772.12540774897
772,177870.28724258553
773,225087.98362509088
774,207084.7879631187
775,229784.25168014603
776,230921.19589041095
777,194911.386371611
778,135231.2364818319
779,161941.4303856436
780,141676.9492849284
781,139830.30127584233
782,137122.58672503222
783,130987.29379690508
784,130921.19589041095
785,141760.32178694647
786,131568.53224169952
787,132387.1330375456
788,132916.8940426199
789,139133.94387375002
790,134589.8165827818
791,174150.43684521032
792,158959.62782895542
793,173088.58299729077
794,185983.77353455612
795,189763.99890827606
796,201768.79067289835
797,171847.20634848333
798,173762.99786084951
799,158309.18448046793
800,196190.77877762698
801,211000.64350754794
802,230921.19589041095
803,230921.19589041095
804,171449.41054973332
805,230774.36595485313
806,230921.19589041095
807,230921.19589041095
808,159421.07368487833
809,191187.9690905114
810,220030.4736755982
811,206346.59290716026
812,161957.69904379483
813,173281.51850025522
814,170435.81066128996
815,180866.21271397188
816,193033.6294710347
817,146006.412594696
818,134915.5275490285
819,130949.36007064444
820,166856.1662509278
821,173112.6409538344
822,131333.92240381305
823,131532.22099628727
824,146265.98864617513
825,132960.7741133749
826,230921.19589041095
827,230721.19589041095
828,230921.19589041095
829,230921.19589041095
830,230921.19589041095
831,230921.19589041095
832,230921.19589041095
833,230921.19589041095
834,230921.19589041095
835,229721.19589041095
836,230519.55686002076
837,230921.19589041095
838,230921.19589041095
839,230921.19589041095
840,228690.71025644016
841,223957.25199278974
842,224544.6545004716
843,228061.6528584511
844,181509.2440588202
845,181414.38234091597
846,179821.9134298697
847,220599.44794254692
848,230665.87064632747
849,208380.09742783298
850,194712.33821521793
851,176117.97956838887
852,176268.7012024172
853,187016.0294427149
854,175687.4223820637
855,189626.27117196226
856,174606.8598170468
857,174772.79963760718
858,180589.51168755392
859,179614.0561746499
860,225626.96779277734
861,179247.2718544083
862,171611.0451508329
863,170912.92069644248
864,206934.6264722747
865,168855.5341245802
866,218661.70267039564
867,224314.16381330608
868,181913.0558680954
869,175009.41001151994
870,230921.19589041095
871,230921.19589041095
872,230921.19589041095
873,229444.38416619578
874,228494.8685327083
875,230721.19589041095
876,194348.83093533738
877,230921.19589041095
878,222283.58219017804
879,230921.19589041095
880,212344.16476837933
881,221646.3411653153
882,219257.46650818677
883,221196.06112193095
884,226641.4190144527
885,215604.23227786363
886,193252.42837596493
887,218593.06539110685
888,161062.19771290358
889,226940.7028529408
890,226350.77696017837
891,226695.14887031386
892,215579.46979555598
893,140168.74403258518
894,148976.7116051375
895,148097.38415309179
896,203578.63544243615
897,200446.74920276654
898,143926.36405822806
899,132010.01749452276
900,139101.5398961622
901,229010.1779112164
902,143439.683197015
903,155316.39384698388
904,210096.76523973086
905,198774.45524874725
906,217148.30324629397
907,198124.74571630836
908,219006.6937009129
909,173164.8829284118
910,173582.66658481272
911,179130.93577091317
912,227721.26844324722
913,230921.19589041095
914,221890.17584204063
915,226143.68372557423
916,230521.19589041095
917,148349.3469997011
918,199416.02912903944
919,145011.0780013641
920,160878.7327581796
921,195719.00269641116
922,209929.8278710245
923,225287.29094615558
924,151952.67879349724
925,139923.4402792188
926,138647.52802693262
927,131756.39710610578
928,138439.28163962063
929,148648.0979335616
930,138398.54656483902
931,131371.6038530856
932,160121.11167060514
933,146745.28777083513
934,198354.52689702227
935,144193.99875741368
936,202242.07541471074
937,136047.5041456826
938,130921.19589041095
939,130921.19589041095
940,131633.1716709419
941,140040.76090921936
942,138462.91868331432
943,146086.84339984533
944,155496.18303919528
945,138583.01082785975
946,133512.5894631342
947,143843.9787322145
948,140339.05054253177
949,165517.87181854094
950,132149.50737771994
951,148890.4706680931
952,140134.6113459747
953,137597.23822738594
954,139376.8054310415
955,138977.64189384715
956,135593.78985699036
957,131976.7203842951
958,137073.82844658202
959,133155.89851851735
960,146295.4894611566
961,133251.95126981052
962,133138.95165197342
963,146112.0097541744
964,175023.56343175843
965,132715.87815583436
966,138101.32819584524
967,164726.4537603507
968,132202.92180441087
969,133124.88274305133
970,136845.75130943969
971,136379.94448093587
972,143268.664074443
973,140893.57360453915
974,145229.09961792946
975,132037.88714598716
976,131793.01273820153
977,133416.65729586367
978,132639.6991407269
979,135563.6217085115
980,132319.5751400971
981,130985.48404806817
982,133328.86240897473
983,134988.71181838043
984,130921.19589041095
985,134527.54473753902
986,216137.10362333554
987,136510.38818738272
988,131712.6788924243
989,144003.60279414064
990,136030.85602601527
991,195181.15897652495
992,131221.74128834298
993,134277.10467688675
994,132428.34881937096
995,134769.20951884726
996,131346.73519948235
997,132588.01914415148
998,130952.57184366431
999,135937.07524775888
1000,131419.7043390426
1001,135082.1917440688
1002,133141.87653231175
1003,171083.00800358233
1004,139540.8252194611
1005,132780.51363236035
1006,149238.73772623207
1007,130923.14222600937
1008,130954.51817926273
1009,167956.63959087039
1010,177798.82772575945
1011,174670.05287347804
1012,132126.8550495654
1013,131008.7048220461
1014,211705.74224825873
1015,132904.79973151968
1016,133465.2088050089
1017,154924.2173372216
1018,131632.90897938563
1019,137717.7200556637
1020,134616.96391495294
1021,135614.85872334172
1022,132236.08664586628
1023,133582.0436519553
1024,131712.5511841113
1025,145963.5503992915
1026,174596.82479183064
1027,148414.36661776569
1028,151869.84510481966
1029,141963.65417059936
1030,130921.19589041095
1031,184163.49493699518
1032,147717.65844666917
1033,158705.8396319266
1034,130985.97861259442
1035,216641.70945856426
1036,140430.8319945675
1037,131885.88328119568
1038,131985.45125482898
1039,134910.2744835142
1040,135433.60228305543
1041,143307.68971239944
1042,130921.19589041095
1043,194585.93270535063
1044,219990.41459009348
1045,229904.48094813726
1046,230920.98738295597
1047,230785.44700625568
1048,217894.78599357323
1049,223819.56625480877
1050,185233.4207145355
1051,210011.89623975943
1052,217166.66497599383
1053,211399.04829819832
1054,141696.23569776936
1055,165404.5597579322
1056,135082.01478255494
1057,144433.57271816957
1058,219673.5571821158
1059,207036.50340808227
1060,195803.13055901232
1061,216468.14212346813
1062,137163.40388613273
1063,138751.70779796768
1064,139817.10945804403
1065,138682.4091981785
1066,133018.2919123848
1067,138079.42286104427
1068,137131.067041065
1069,132613.61543506247
1070,224026.4197343662
1071,221516.17689016112
1072,202761.75583670236
1073,219558.83806496422
1074,230921.19589041095
1075,224685.8791298332
1076,216969.27371514044
1077,190422.51813335452
1078,184254.04290722136
1079,173639.8036132623
1080,188405.94550545994
1081,161805.84333990215
1082,134536.98683232474
1083,134188.53143941087
1084,139470.6601514143
1085,144011.52113823761
1086,139755.81392758098
1087,152230.51058912158
1088,146467.87487382613
1089,230921.19589041095
1090,139364.74696040584
1091,132461.26692712438
1092,130921.19589041095
1093,132529.6193778523
1094,134228.06463159254
1095,131286.2683807333
1096,131121.19589041095
1097,157219.57948582785
1098,149492.2117539418
1099,148505.16881398947
1100,143937.70022712793
1101,152816.22416075037
1102,156514.66443713495
1103,175305.54547207165
1104,142642.22132412496
1105,152170.32331945703
1106,140108.89331701002
1107,199131.0585045168
1108,199291.87905725764
1109,136078.440726393
1110,164001.63018132382
1111,187853.47778056742
1112,212204.18703550263
1113,228447.26810665827
1114,137775.09510474434
1115,134162.83506173867
1116,148361.6002322545
1117,130921.19589041095
1118,130921.19589041095
1119,135774.1790689936
1120,134710.67228733792
1121,132077.80769616077
1122,229825.4202155462
1123,159891.6270660933
1124,177463.89069433353
1125,200156.14656897855
1126,196517.78837414744
1127,145147.5757874144
1128,143713.7589607471
1129,209782.90989939295
1130,207879.48986266603
1131,211138.85169033305
1132,225563.98751790795
1133,173798.9660982379
1134,206569.7374561468
1135,230921.19589041095
1136,189459.62023423708
1137,230406.03432260736
1138,230921.19589041095
1139,150072.97018337672
1140,143154.12233748153
1141,130921.19589041095
1142,130921.19589041095
1143,130921.19589041095
1144,130987.29379690508
1145,145265.43785120832
1146,178579.98898540426
1147,191431.42505075294
1148,162469.38656687707
1149,131688.52608660216
1150,153468.340764246
1151,148083.12682240538
1152,133785.57980004378
1153,133840.55620049214
1154,154015.8556416074
1155,136611.63262641963
1156,163114.5193780278
1157,187055.9809817896
1158,201156.57200918652
1159,183795.68371294605
1160,176170.40052496255
1161,182824.42923837437
1162,223754.34051780304
1163,227168.68525845476
1164,229334.3410177485
1165,163926.96137113764
1166,188612.5676100654
1167,230921.19589041095
1168,230921.19589041095
1169,230921.19589041095
1170,230921.19589041095
1171,230921.19589041095
1172,230921.19589041095
1173,230921.19589041095
1174,151126.7753706796
1175,193971.18116782466
1176,166720.3167773074
1177,228335.98190791273
1178,193762.54222784232
1179,150635.58086648496
1180,130949.36007064444
1181,180129.33620002304
1182,132138.66852419218
1183,138805.56606704643
1184,131171.7688831898
1185,130921.19589041095
1186,131333.92240381305
1187,145711.25314082432
1188,144245.40655154627
1189,144643.70523554334
1190,149842.16138313914
1191,230921.19589041095
1192,230323.4352974109
1193,219205.9138117639
1194,230921.19589041095
1195,230921.19589041095
1196,230921.19589041095
1197,230383.4947207109
1198,230521.19589041095
1199,230921.19589041095
1200,230921.19589041095
1201,230921.19589041095
1202,230714.3772783084
1203,230465.87064632747
1204,230921.19589041095
1205,230008.4242901767
1206,171760.32164612343
1207,187168.6366466877
1208,170070.8669291578
1209,230012.94468120314
1210,186464.9941041285
1211,186029.9263801383
1212,204353.56368604497
1213,195430.93137560968
1214,172158.4846985756
1215,191639.52376211688
1216,195834.27610521571
1217,227504.286657031
1218,230197.1727125293
1219,230600.869499318
1220,230921.19589041095
1221,230921.19589041095
1222,230921.19589041095
1223,230921.19589041095
1224,230921.19589041095
1225,229988.3916812169
1226,230921.19589041095
1227,222726.5250960379
1228,214576.5289137916
1229,230921.19589041095
1230,188226.20620202896
1231,141720.02075771618
1232,194103.9606793746
1233,142355.37085475103
1234,194132.18456283744
1235,189344.25055645194
1236,192772.92080482672
1237,197115.09196431361
1238,185719.6407656742
1239,169921.4782831164
1240,162687.9186790943
1241,134213.82191179233
1242,142434.82294605457
1243,141648.59101353982
1244,132810.47728141883
1245,131399.95669835896
1246,134630.76674970167
1247,134588.33452173602
1248,131321.7818645981
1249,131964.08486750902
1250,227936.04124286876
1251,230921.19589041095
1252,176280.84411117426
1253,157914.0242067609
1254,173719.71734447047
1255,162815.94682190684
1256,184262.46855144127
1257,221652.1679402958
1258,155438.31288608664
1259,167620.7294998382
1260,143355.3241665727
1261,153403.91287382224
1262,147759.0638309046
1263,134230.57614734367
1264,138151.1634704904
1265,139749.3095853659
1266,167079.07384175662
1267,164278.96837391224
1268,149398.89329541315
1269,139521.103197109
1270,133383.539323781
1271,133468.86206155203
1272,151827.0456676729
1273,147234.47251634122
1274,140694.06319501554
1275,141700.68403535706
1276,132749.95708908155
1277,139420.50554603743
1278,160701.66463837546
1279,141045.3585135042
1280,146071.55918142086
1281,152472.12947772018
1282,146865.50073988392
1283,145883.8236544336
1284,141455.98655198794
1285,135858.328280345
1286,157498.9446875253
1287,139269.97217560525
1288,134389.5198670494
1289,138427.3983964821
1290,134675.9412607994
1291,204504.15866603085
1292,150168.27502434514
1293,185389.05094418797
1294,144885.3636753899
1295,131121.19589041095
1296,130921.19589041095
1297,130985.97861259442
1298,154133.56179631062
1299,137246.22645795622
1300,143041.657182157
1301,145184.4364512066
1302,181286.22015505267
1303,171518.36284499778
1304,221518.21987241044
1305,139482.1882619833
1306,130921.19589041095
1307,134974.043423228
1308,140243.24574180573
1309,142798.99825967525
1310,131691.40873756848
1311,132775.4353552954
1312,141676.8770511171
1313,137974.6992149597
1314,136816.72248072547
1315,137893.29723569893
1316,143712.23301768213
1317,132900.72051185332
1318,131674.04193210197
1319,132679.43572313723
1320,130952.57184366431
1321,130921.19589041095
1322,131008.7048220461
1323,133556.42360346936
1324,136535.26750315537
1325,130921.19589041095
1326,131678.1075266578
1327,130921.19589041095
1328,189717.68995379558
1329,130968.09555118578
1330,132293.16979277538
1331,130921.19589041095
1332,159181.3428821778
1333,130983.2748916854
1334,131573.31929888902
1335,131183.91138758496
1336,189192.3509300005
1337,131792.6939437829
1338,132204.66858549576
1339,130921.19589041095
1340,131370.66618943957
1341,140043.29581544382
1342,163993.57133768432
1343,148549.8605278938
1344,131345.61773454348
1345,131262.80689701115
1346,142717.51483997807
1347,147295.1257341602
1348,133786.00871740852
1349,137485.445968395
1350,148156.22979573524
1351,141762.964352031
1352,152888.53102760867
1353,158085.41853335174
1354,132217.5330750446
1355,218601.29087984722
1356,141259.65831452046
1357,135493.9249590859
1358,170768.14861525793
1359,137364.663411834
1360,132262.80951146712
1361,186710.37014272032
1362,219947.64039572194
1363,167150.61393803434
1364,147730.85878505386
1365,134842.13386051438
1366,136367.5268315859
1367,216413.13724611953
1368,185145.82463837572
1369,218352.01929962472
1370,187763.49464368122
1371,222006.68830643955
1372,230921.19589041095
1373,215155.55364770564
1374,216185.4690432562
1375,194416.90343806203
1376,166772.59682685544
1377,147705.25911738517
1378,179149.6935721942
1379,199800.49848768156
1380,206825.36551921006
1381,215663.86653574856
1382,151659.00131725075
1383,156781.57648642163
1384,131626.626015385
1385,212179.7470273263
1386,199380.37465176408
1387,212529.72499641802
1388,212730.38588060543
1389,230799.9439704508
1390,227324.06356965587
1391,217921.87053075503
1392,225421.45777360894
1393,141677.3356083562
1394,196045.997905496
1395,205640.0843555846
1396,193908.1010934944
1397,190562.3181206704
1398,135938.41562013404
1399,132095.72366069467
1400,138470.1528296533
1401,183448.4084314237
1402,133596.8336358096
1403,226531.8892869539
1404,139164.74696040584
1405,145901.3339670542
1406,130985.97861259442
1407,136769.89600582814
1408,132133.07323118142
1409,143296.7051433135
1410,130968.32219514728
1411,130921.19589041095
1412,131411.75257598647
1413,138421.1350180026
1414,132925.72926072672
1415,145793.37513468362
1416,137947.94505577072
1417,165817.00568835987
1418,137902.9404535028
1419,131809.73631990416
1420,160248.48370041826
1421,159927.3841644215
1422,175064.15218907106
1423,173088.02348189225
1424,185826.99893334726
1425,195108.43597630074
1426,131195.58935506144
1427,137419.6364088878
1428,130921.19589041095
1429,130921.19589041095
1430,135199.13246769956
1431,130921.19589041095
1432,131485.34071704838
1433,130921.19589041095
1434,230921.19589041095
1435,230921.19589041095
1436,204351.38279522848
1437,163326.3480534626
1438,219537.83016478602
1439,153620.32608005925
1440,198097.03918680025
1441,184002.65745732494
1442,230921.19589041095
1443,230521.19589041095
1444,138482.31735846668
1445,196905.46869860045
1446,133430.754145247
1447,133941.61287982765
1448,142849.60705116147
1449,130921.19589041095
1450,130921.19589041095
1451,146547.58979166904
1452,130921.19589041095
1453,130921.19589041095
1454,130921.19589041095
1455,130921.19589041095
1456,157018.79227782914
1457,131977.0737570058
1458,212122.75896222665
